{"cameraMode":{"drawMode":0,"name":"Shaded","section":"Shading Mode"},"sceneLighting":true,"audioPlay":false,"sceneViewState":{"m_AlwaysRefresh":false,"showFog":true,"showSkybox":true,"showFlares":true,"showImageEffects":true,"showParticleSystems":true,"showVisualEffectGraphs":true,"m_FxEnabled":true},"in2DMode":false,"pivot":{"x":25.668973922729493,"y":-12.74162769317627,"z":-2.8906705379486086},"rotation":{"x":-0.18501299619674684,"y":-0.7175514101982117,"z":0.20644685626029969,"w":-0.6394803524017334},"size":16.137298583984376,"orthographic":false}